"pathway","pval","padj","log2err","ES","NES","size","leadingEdge","Cohort"
"HALLMARK_OXIDATIVE_PHOSPHORYLATION",4.10843494572696e-12,2.05421747286348e-10,0.887074988399873,-0.549903091438428,-2.15956090665638,184,